{"cameraMode":{"drawMode":0,"name":"Shaded","section":"Shading Mode"},"sceneLighting":true,"audioPlay":false,"sceneViewState":{"m_AlwaysRefresh":false,"showFog":true,"showSkybox":true,"showFlares":true,"showImageEffects":true,"showParticleSystems":true,"showVisualEffectGraphs":true,"m_FxEnabled":true},"in2DMode":false,"pivot":{"x":0.8200591206550598,"y":1.0284394025802613,"z":2.300501823425293},"rotation":{"x":0.06675250828266144,"y":0.053851526230573657,"z":-0.0036107583437114956,"w":0.9963008165359497},"size":1.0784430503845215,"orthographic":false}